t,network_k,network_q
0,0.006944444444444444,0.1388888888888889
